pipeline,metric,judge_a,judge_b,n_common_items,spearman_r,p_value
rag_classic:anthropic:k=1,factual_correctness_ratio,anthropic/claude-sonnet-4-20250514,deepseek/deepseek-chat,49,0.6637588001161137,2.008453314796265e-07
rag_classic:anthropic:k=1,factual_correctness_ratio,anthropic/claude-sonnet-4-20250514,openai/gpt-4o,49,0.7778067373578414,4.8703326131323955e-11
rag_classic:anthropic:k=1,factual_correctness_ratio,anthropic/claude-sonnet-4-20250514,openai/gpt-4o-mini,49,0.38845799238923884,0.005811234549646313
rag_classic:anthropic:k=1,factual_correctness_ratio,deepseek/deepseek-chat,openai/gpt-4o,49,0.751545272855673,4.894961882952604e-10
rag_classic:anthropic:k=1,factual_correctness_ratio,deepseek/deepseek-chat,openai/gpt-4o-mini,49,0.4558590139338511,0.000995941244954114
rag_classic:anthropic:k=1,factual_correctness_ratio,openai/gpt-4o,openai/gpt-4o-mini,49,0.47652446669670817,0.0005375599420498232
rag_classic:anthropic:k=1,grounding_ratio,anthropic/claude-sonnet-4-20250514,deepseek/deepseek-chat,49,0.9210741526974321,7.00899290202077e-21
rag_classic:anthropic:k=1,grounding_ratio,anthropic/claude-sonnet-4-20250514,openai/gpt-4o,49,0.8875455425740657,1.9704913397026026e-17
rag_classic:anthropic:k=1,grounding_ratio,anthropic/claude-sonnet-4-20250514,openai/gpt-4o-mini,49,0.7869911777640833,2.016222300721416e-11
rag_classic:anthropic:k=1,grounding_ratio,deepseek/deepseek-chat,openai/gpt-4o,49,0.854681300051308,5.590457399992698e-15
rag_classic:anthropic:k=1,grounding_ratio,deepseek/deepseek-chat,openai/gpt-4o-mini,49,0.7745568838894848,6.58840994564851e-11
rag_classic:anthropic:k=1,grounding_ratio,openai/gpt-4o,openai/gpt-4o-mini,49,0.7951046317225187,8.917719144128027e-12
rag_classic:anthropic:k=1,hallucination_rate,anthropic/claude-sonnet-4-20250514,deepseek/deepseek-chat,49,0.9210741526974321,7.00899290202077e-21
rag_classic:anthropic:k=1,hallucination_rate,anthropic/claude-sonnet-4-20250514,openai/gpt-4o,49,0.8875455425740657,1.9704913397026026e-17
rag_classic:anthropic:k=1,hallucination_rate,anthropic/claude-sonnet-4-20250514,openai/gpt-4o-mini,49,0.7869911777640833,2.016222300721416e-11
rag_classic:anthropic:k=1,hallucination_rate,deepseek/deepseek-chat,openai/gpt-4o,49,0.854681300051308,5.590457399992698e-15
rag_classic:anthropic:k=1,hallucination_rate,deepseek/deepseek-chat,openai/gpt-4o-mini,49,0.7745568838894848,6.58840994564851e-11
rag_classic:anthropic:k=1,hallucination_rate,openai/gpt-4o,openai/gpt-4o-mini,49,0.7951046317225187,8.917719144128027e-12
rag_classic:anthropic:k=3,factual_correctness_ratio,anthropic/claude-sonnet-4-20250514,deepseek/deepseek-chat,49,0.681393393371858,7.082621125258722e-08
rag_classic:anthropic:k=3,factual_correctness_ratio,anthropic/claude-sonnet-4-20250514,openai/gpt-4o,49,0.7264772406365013,3.4464725571004526e-09
rag_classic:anthropic:k=3,factual_correctness_ratio,anthropic/claude-sonnet-4-20250514,openai/gpt-4o-mini,49,0.47199503392060005,0.0006174031661020004
rag_classic:anthropic:k=3,factual_correctness_ratio,deepseek/deepseek-chat,openai/gpt-4o,49,0.844225226388837,2.534710714513069e-14
rag_classic:anthropic:k=3,factual_correctness_ratio,deepseek/deepseek-chat,openai/gpt-4o-mini,49,0.5406839519303768,6.055696143574267e-05
rag_classic:anthropic:k=3,factual_correctness_ratio,openai/gpt-4o,openai/gpt-4o-mini,49,0.5249784545912578,0.00010765476836700798
rag_classic:anthropic:k=3,grounding_ratio,anthropic/claude-sonnet-4-20250514,deepseek/deepseek-chat,49,0.782985136639811,2.977627870834943e-11
rag_classic:anthropic:k=3,grounding_ratio,anthropic/claude-sonnet-4-20250514,openai/gpt-4o,49,0.8562816224833427,4.390004596978587e-15
rag_classic:anthropic:k=3,grounding_ratio,anthropic/claude-sonnet-4-20250514,openai/gpt-4o-mini,49,0.6538333974529379,3.5050429270048553e-07
rag_classic:anthropic:k=3,grounding_ratio,deepseek/deepseek-chat,openai/gpt-4o,49,0.8370542731229502,6.71418625436685e-14
rag_classic:anthropic:k=3,grounding_ratio,deepseek/deepseek-chat,openai/gpt-4o-mini,49,0.6119300279923312,2.9863695235337197e-06
rag_classic:anthropic:k=3,grounding_ratio,openai/gpt-4o,openai/gpt-4o-mini,49,0.6913406770956089,3.809547117420017e-08
rag_classic:anthropic:k=3,hallucination_rate,anthropic/claude-sonnet-4-20250514,deepseek/deepseek-chat,49,0.782985136639811,2.977627870834943e-11
rag_classic:anthropic:k=3,hallucination_rate,anthropic/claude-sonnet-4-20250514,openai/gpt-4o,49,0.8562816224833427,4.390004596978587e-15
rag_classic:anthropic:k=3,hallucination_rate,anthropic/claude-sonnet-4-20250514,openai/gpt-4o-mini,49,0.6538333974529379,3.5050429270048553e-07
rag_classic:anthropic:k=3,hallucination_rate,deepseek/deepseek-chat,openai/gpt-4o,49,0.8370542731229502,6.71418625436685e-14
rag_classic:anthropic:k=3,hallucination_rate,deepseek/deepseek-chat,openai/gpt-4o-mini,49,0.6119300279923312,2.9863695235337197e-06
rag_classic:anthropic:k=3,hallucination_rate,openai/gpt-4o,openai/gpt-4o-mini,49,0.6913406770956089,3.809547117420017e-08
rag_classic:anthropic:k=5,factual_correctness_ratio,anthropic/claude-sonnet-4-20250514,deepseek/deepseek-chat,49,0.7179187253751523,6.395588853007607e-09
rag_classic:anthropic:k=5,factual_correctness_ratio,anthropic/claude-sonnet-4-20250514,openai/gpt-4o,49,0.7432406346031334,9.578542739052441e-10
rag_classic:anthropic:k=5,factual_correctness_ratio,anthropic/claude-sonnet-4-20250514,openai/gpt-4o-mini,49,0.38030789149058397,0.007027438642870727
rag_classic:anthropic:k=5,factual_correctness_ratio,deepseek/deepseek-chat,openai/gpt-4o,49,0.8170477495346948,8.073626370427699e-13
rag_classic:anthropic:k=5,factual_correctness_ratio,deepseek/deepseek-chat,openai/gpt-4o-mini,49,0.4713885067895222,0.00062886829688822
rag_classic:anthropic:k=5,factual_correctness_ratio,openai/gpt-4o,openai/gpt-4o-mini,49,0.4848648727691908,0.00041446775443463945
rag_classic:anthropic:k=5,grounding_ratio,anthropic/claude-sonnet-4-20250514,deepseek/deepseek-chat,49,0.6550854622951136,3.270961541609807e-07
rag_classic:anthropic:k=5,grounding_ratio,anthropic/claude-sonnet-4-20250514,openai/gpt-4o,49,0.780042458362659,3.9446186383243226e-11
rag_classic:anthropic:k=5,grounding_ratio,anthropic/claude-sonnet-4-20250514,openai/gpt-4o-mini,49,0.6007251981596047,5.031674419684693e-06
rag_classic:anthropic:k=5,grounding_ratio,deepseek/deepseek-chat,openai/gpt-4o,49,0.6376415001714391,8.332559472436201e-07
rag_classic:anthropic:k=5,grounding_ratio,deepseek/deepseek-chat,openai/gpt-4o-mini,49,0.3950279001771572,0.004968754681917634
rag_classic:anthropic:k=5,grounding_ratio,openai/gpt-4o,openai/gpt-4o-mini,49,0.4958219285675785,0.0002915303337352477
rag_classic:anthropic:k=5,hallucination_rate,anthropic/claude-sonnet-4-20250514,deepseek/deepseek-chat,49,0.6550854622951136,3.270961541609807e-07
rag_classic:anthropic:k=5,hallucination_rate,anthropic/claude-sonnet-4-20250514,openai/gpt-4o,49,0.780042458362659,3.9446186383243226e-11
rag_classic:anthropic:k=5,hallucination_rate,anthropic/claude-sonnet-4-20250514,openai/gpt-4o-mini,49,0.6007251981596047,5.031674419684693e-06
rag_classic:anthropic:k=5,hallucination_rate,deepseek/deepseek-chat,openai/gpt-4o,49,0.6376415001714391,8.332559472436201e-07
rag_classic:anthropic:k=5,hallucination_rate,deepseek/deepseek-chat,openai/gpt-4o-mini,49,0.3950279001771572,0.004968754681917634
rag_classic:anthropic:k=5,hallucination_rate,openai/gpt-4o,openai/gpt-4o-mini,49,0.4958219285675785,0.0002915303337352477
rag_classic:deepseek:k=1,factual_correctness_ratio,openai/gpt-4o,openai/gpt-4o-mini,5,0.9746794344808964,0.004818230468198537
rag_classic:deepseek:k=1,grounding_ratio,openai/gpt-4o,openai/gpt-4o-mini,5,0.7999999999999999,0.10408803866182788
rag_classic:deepseek:k=1,hallucination_rate,openai/gpt-4o,openai/gpt-4o-mini,5,0.7999999999999999,0.10408803866182788
rag_classic:openai:k=1,factual_correctness_ratio,anthropic/claude-sonnet-4-20250514,deepseek/deepseek-chat,48,0.6724127282560769,1.658122286409803e-07
rag_classic:openai:k=1,factual_correctness_ratio,anthropic/claude-sonnet-4-20250514,openai/gpt-4o,48,0.6655203317876244,2.457249827677116e-07
rag_classic:openai:k=1,factual_correctness_ratio,anthropic/claude-sonnet-4-20250514,openai/gpt-4o-mini,48,0.4272569195999577,0.002455589862759272
rag_classic:openai:k=1,factual_correctness_ratio,deepseek/deepseek-chat,openai/gpt-4o,49,0.7584085000550173,2.7547729923102895e-10
rag_classic:openai:k=1,factual_correctness_ratio,deepseek/deepseek-chat,openai/gpt-4o-mini,49,0.5673885174859797,2.1262016001686935e-05
rag_classic:openai:k=1,factual_correctness_ratio,openai/gpt-4o,openai/gpt-4o-mini,49,0.5809474257450538,1.2059632761280968e-05
rag_classic:openai:k=1,grounding_ratio,anthropic/claude-sonnet-4-20250514,deepseek/deepseek-chat,48,0.9420241262829265,1.8947086490195032e-23
rag_classic:openai:k=1,grounding_ratio,anthropic/claude-sonnet-4-20250514,openai/gpt-4o,48,0.8228434652490113,7.213016331399272e-13
rag_classic:openai:k=1,grounding_ratio,anthropic/claude-sonnet-4-20250514,openai/gpt-4o-mini,48,0.7159582486113658,1.0629874631955585e-08
rag_classic:openai:k=1,grounding_ratio,deepseek/deepseek-chat,openai/gpt-4o,49,0.8950642970197279,4.220974638210577e-18
rag_classic:openai:k=1,grounding_ratio,deepseek/deepseek-chat,openai/gpt-4o-mini,49,0.756407744261997,3.263702602217225e-10
rag_classic:openai:k=1,grounding_ratio,openai/gpt-4o,openai/gpt-4o-mini,49,0.8069928773162088,2.5207664084027474e-12
rag_classic:openai:k=1,hallucination_rate,anthropic/claude-sonnet-4-20250514,deepseek/deepseek-chat,48,0.9420241262829265,1.8947086490195032e-23
rag_classic:openai:k=1,hallucination_rate,anthropic/claude-sonnet-4-20250514,openai/gpt-4o,48,0.8228434652490113,7.213016331399272e-13
rag_classic:openai:k=1,hallucination_rate,anthropic/claude-sonnet-4-20250514,openai/gpt-4o-mini,48,0.7159582486113658,1.0629874631955585e-08
rag_classic:openai:k=1,hallucination_rate,deepseek/deepseek-chat,openai/gpt-4o,49,0.8950642970197279,4.220974638210577e-18
rag_classic:openai:k=1,hallucination_rate,deepseek/deepseek-chat,openai/gpt-4o-mini,49,0.756407744261997,3.263702602217225e-10
rag_classic:openai:k=1,hallucination_rate,openai/gpt-4o,openai/gpt-4o-mini,49,0.8069928773162088,2.5207664084027474e-12
rag_classic:openai:k=3,factual_correctness_ratio,anthropic/claude-sonnet-4-20250514,deepseek/deepseek-chat,47,0.6566701439380639,5.375669348843166e-07
rag_classic:openai:k=3,factual_correctness_ratio,anthropic/claude-sonnet-4-20250514,openai/gpt-4o,47,0.6692138247204777,2.709797293414764e-07
rag_classic:openai:k=3,factual_correctness_ratio,anthropic/claude-sonnet-4-20250514,openai/gpt-4o-mini,47,0.6537858621609024,6.264646927948924e-07
rag_classic:openai:k=3,factual_correctness_ratio,deepseek/deepseek-chat,openai/gpt-4o,49,0.6808442458740442,7.324166602711074e-08
rag_classic:openai:k=3,factual_correctness_ratio,deepseek/deepseek-chat,openai/gpt-4o-mini,49,0.5334502551069773,7.921075519347555e-05
rag_classic:openai:k=3,factual_correctness_ratio,openai/gpt-4o,openai/gpt-4o-mini,49,0.6549288656194728,3.299418383761738e-07
rag_classic:openai:k=3,grounding_ratio,anthropic/claude-sonnet-4-20250514,deepseek/deepseek-chat,47,0.9094663374501892,9.140513311334764e-19
rag_classic:openai:k=3,grounding_ratio,anthropic/claude-sonnet-4-20250514,openai/gpt-4o,47,0.8800488561795776,3.733935883882835e-16
rag_classic:openai:k=3,grounding_ratio,anthropic/claude-sonnet-4-20250514,openai/gpt-4o-mini,47,0.733056810179532,4.6543744972202464e-09
rag_classic:openai:k=3,grounding_ratio,deepseek/deepseek-chat,openai/gpt-4o,49,0.7607379919548118,2.256668590203727e-10
rag_classic:openai:k=3,grounding_ratio,deepseek/deepseek-chat,openai/gpt-4o-mini,49,0.7282304739626534,3.0278377917580306e-09
rag_classic:openai:k=3,grounding_ratio,openai/gpt-4o,openai/gpt-4o-mini,49,0.7203256235975453,5.387215752599674e-09
rag_classic:openai:k=3,hallucination_rate,anthropic/claude-sonnet-4-20250514,deepseek/deepseek-chat,47,0.9094663374501892,9.140513311334764e-19
rag_classic:openai:k=3,hallucination_rate,anthropic/claude-sonnet-4-20250514,openai/gpt-4o,47,0.8800488561795776,3.733935883882835e-16
rag_classic:openai:k=3,hallucination_rate,anthropic/claude-sonnet-4-20250514,openai/gpt-4o-mini,47,0.733056810179532,4.6543744972202464e-09
rag_classic:openai:k=3,hallucination_rate,deepseek/deepseek-chat,openai/gpt-4o,49,0.7607379919548118,2.256668590203727e-10
rag_classic:openai:k=3,hallucination_rate,deepseek/deepseek-chat,openai/gpt-4o-mini,49,0.7282304739626534,3.0278377917580306e-09
rag_classic:openai:k=3,hallucination_rate,openai/gpt-4o,openai/gpt-4o-mini,49,0.7203256235975453,5.387215752599674e-09
rag_classic:openai:k=5,factual_correctness_ratio,anthropic/claude-sonnet-4-20250514,deepseek/deepseek-chat,48,0.7062742116101752,2.0433509053975638e-08
rag_classic:openai:k=5,factual_correctness_ratio,anthropic/claude-sonnet-4-20250514,openai/gpt-4o,48,0.656229187158318,4.1099895375199154e-07
rag_classic:openai:k=5,factual_correctness_ratio,anthropic/claude-sonnet-4-20250514,openai/gpt-4o-mini,48,0.49455443774152213,0.0003529401897548054
rag_classic:openai:k=5,factual_correctness_ratio,deepseek/deepseek-chat,openai/gpt-4o,49,0.7798941160463133,4.000483907943859e-11
rag_classic:openai:k=5,factual_correctness_ratio,deepseek/deepseek-chat,openai/gpt-4o-mini,49,0.632106666059329,1.1076098521540708e-06
rag_classic:openai:k=5,factual_correctness_ratio,openai/gpt-4o,openai/gpt-4o-mini,49,0.6839988479311557,6.034853564905763e-08
rag_classic:openai:k=5,grounding_ratio,anthropic/claude-sonnet-4-20250514,deepseek/deepseek-chat,48,0.945043713161691,5.720681880162087e-24
rag_classic:openai:k=5,grounding_ratio,anthropic/claude-sonnet-4-20250514,openai/gpt-4o,48,0.828505253637468,3.6462296908918435e-13
rag_classic:openai:k=5,grounding_ratio,anthropic/claude-sonnet-4-20250514,openai/gpt-4o-mini,48,0.7777177143640785,7.89413653206423e-11
rag_classic:openai:k=5,grounding_ratio,deepseek/deepseek-chat,openai/gpt-4o,49,0.7462565840572762,7.52856706267996e-10
rag_classic:openai:k=5,grounding_ratio,deepseek/deepseek-chat,openai/gpt-4o-mini,49,0.7183057726049417,6.2222769250095444e-09
rag_classic:openai:k=5,grounding_ratio,openai/gpt-4o,openai/gpt-4o-mini,49,0.7534808781824645,4.170212263236845e-10
rag_classic:openai:k=5,hallucination_rate,anthropic/claude-sonnet-4-20250514,deepseek/deepseek-chat,48,0.945043713161691,5.720681880162087e-24
rag_classic:openai:k=5,hallucination_rate,anthropic/claude-sonnet-4-20250514,openai/gpt-4o,48,0.828505253637468,3.6462296908918435e-13
rag_classic:openai:k=5,hallucination_rate,anthropic/claude-sonnet-4-20250514,openai/gpt-4o-mini,48,0.7777177143640785,7.89413653206423e-11
rag_classic:openai:k=5,hallucination_rate,deepseek/deepseek-chat,openai/gpt-4o,49,0.7462565840572762,7.52856706267996e-10
rag_classic:openai:k=5,hallucination_rate,deepseek/deepseek-chat,openai/gpt-4o-mini,49,0.7183057726049417,6.2222769250095444e-09
rag_classic:openai:k=5,hallucination_rate,openai/gpt-4o,openai/gpt-4o-mini,49,0.7534808781824645,4.170212263236845e-10
rag_dspy:openai:k=1,factual_correctness_ratio,anthropic/claude-sonnet-4-20250514,deepseek/deepseek-chat,49,0.8034717993176396,3.697623774472572e-12
rag_dspy:openai:k=1,factual_correctness_ratio,anthropic/claude-sonnet-4-20250514,openai/gpt-4o,49,0.668540980926224,1.524397918350019e-07
rag_dspy:openai:k=1,factual_correctness_ratio,anthropic/claude-sonnet-4-20250514,openai/gpt-4o-mini,49,0.44367612042485555,0.0014074991472201417
rag_dspy:openai:k=1,factual_correctness_ratio,deepseek/deepseek-chat,openai/gpt-4o,49,0.7650984796563247,1.5441033289494113e-10
rag_dspy:openai:k=1,factual_correctness_ratio,deepseek/deepseek-chat,openai/gpt-4o-mini,49,0.5386333563724142,6.538743053508049e-05
rag_dspy:openai:k=1,factual_correctness_ratio,openai/gpt-4o,openai/gpt-4o-mini,49,0.5788667240544134,1.317773063544832e-05
rag_dspy:openai:k=1,grounding_ratio,anthropic/claude-sonnet-4-20250514,deepseek/deepseek-chat,49,0.9678660153941964,7.938384941180527e-30
rag_dspy:openai:k=1,grounding_ratio,anthropic/claude-sonnet-4-20250514,openai/gpt-4o,49,0.906344222365826,3.312647536350093e-19
rag_dspy:openai:k=1,grounding_ratio,anthropic/claude-sonnet-4-20250514,openai/gpt-4o-mini,49,0.6613960660849804,2.2974338496862176e-07
rag_dspy:openai:k=1,grounding_ratio,deepseek/deepseek-chat,openai/gpt-4o,49,0.9075104298630741,2.500361958748682e-19
rag_dspy:openai:k=1,grounding_ratio,deepseek/deepseek-chat,openai/gpt-4o-mini,49,0.6516511350021063,3.9507800772745396e-07
rag_dspy:openai:k=1,grounding_ratio,openai/gpt-4o,openai/gpt-4o-mini,49,0.7096946407476376,1.1345924138731334e-08
rag_dspy:openai:k=1,hallucination_rate,anthropic/claude-sonnet-4-20250514,deepseek/deepseek-chat,49,0.9678660153941964,7.938384941180527e-30
rag_dspy:openai:k=1,hallucination_rate,anthropic/claude-sonnet-4-20250514,openai/gpt-4o,49,0.906344222365826,3.312647536350093e-19
rag_dspy:openai:k=1,hallucination_rate,anthropic/claude-sonnet-4-20250514,openai/gpt-4o-mini,49,0.6613960660849804,2.2974338496862176e-07
rag_dspy:openai:k=1,hallucination_rate,deepseek/deepseek-chat,openai/gpt-4o,49,0.9075104298630741,2.500361958748682e-19
rag_dspy:openai:k=1,hallucination_rate,deepseek/deepseek-chat,openai/gpt-4o-mini,49,0.6516511350021063,3.9507800772745396e-07
rag_dspy:openai:k=1,hallucination_rate,openai/gpt-4o,openai/gpt-4o-mini,49,0.7096946407476376,1.1345924138731334e-08
rag_dspy:openai:k=3,factual_correctness_ratio,anthropic/claude-sonnet-4-20250514,deepseek/deepseek-chat,49,0.8367647142526862,6.976643482523502e-14
rag_dspy:openai:k=3,factual_correctness_ratio,anthropic/claude-sonnet-4-20250514,openai/gpt-4o,49,0.7547657164202599,3.7463792250051116e-10
rag_dspy:openai:k=3,factual_correctness_ratio,anthropic/claude-sonnet-4-20250514,openai/gpt-4o-mini,49,0.6236902308768717,1.689539434241786e-06
rag_dspy:openai:k=3,factual_correctness_ratio,deepseek/deepseek-chat,openai/gpt-4o,49,0.8290502616370091,1.886969568035558e-13
rag_dspy:openai:k=3,factual_correctness_ratio,deepseek/deepseek-chat,openai/gpt-4o-mini,49,0.7446279574504843,8.577679726532041e-10
rag_dspy:openai:k=3,factual_correctness_ratio,openai/gpt-4o,openai/gpt-4o-mini,49,0.7338264384791048,1.989269459201761e-09
rag_dspy:openai:k=3,grounding_ratio,anthropic/claude-sonnet-4-20250514,deepseek/deepseek-chat,49,0.7549863724213333,3.6778107440345877e-10
rag_dspy:openai:k=3,grounding_ratio,anthropic/claude-sonnet-4-20250514,openai/gpt-4o,49,0.5099805754064706,0.0001817432477308794
rag_dspy:openai:k=3,grounding_ratio,anthropic/claude-sonnet-4-20250514,openai/gpt-4o-mini,49,0.45649752739882005,0.0009777042500343077
rag_dspy:openai:k=3,grounding_ratio,deepseek/deepseek-chat,openai/gpt-4o,49,0.5541703621240068,3.609640899358511e-05
rag_dspy:openai:k=3,grounding_ratio,deepseek/deepseek-chat,openai/gpt-4o-mini,49,0.5603050923554794,2.8313988696323805e-05
rag_dspy:openai:k=3,grounding_ratio,openai/gpt-4o,openai/gpt-4o-mini,49,0.5321187599728268,8.31690998302199e-05
rag_dspy:openai:k=3,hallucination_rate,anthropic/claude-sonnet-4-20250514,deepseek/deepseek-chat,49,0.7549863724213333,3.6778107440345877e-10
rag_dspy:openai:k=3,hallucination_rate,anthropic/claude-sonnet-4-20250514,openai/gpt-4o,49,0.5099805754064706,0.0001817432477308794
rag_dspy:openai:k=3,hallucination_rate,anthropic/claude-sonnet-4-20250514,openai/gpt-4o-mini,49,0.45649752739882005,0.0009777042500343077
rag_dspy:openai:k=3,hallucination_rate,deepseek/deepseek-chat,openai/gpt-4o,49,0.5541703621240068,3.609640899358511e-05
rag_dspy:openai:k=3,hallucination_rate,deepseek/deepseek-chat,openai/gpt-4o-mini,49,0.5603050923554794,2.8313988696323805e-05
rag_dspy:openai:k=3,hallucination_rate,openai/gpt-4o,openai/gpt-4o-mini,49,0.5321187599728268,8.31690998302199e-05
rag_dspy:openai:k=5,factual_correctness_ratio,anthropic/claude-sonnet-4-20250514,deepseek/deepseek-chat,49,0.858441718920821,3.1531078163423234e-15
rag_dspy:openai:k=5,factual_correctness_ratio,anthropic/claude-sonnet-4-20250514,openai/gpt-4o,49,0.8346855149612008,9.168180416735685e-14
rag_dspy:openai:k=5,factual_correctness_ratio,anthropic/claude-sonnet-4-20250514,openai/gpt-4o-mini,49,0.6929179269860566,3.444984405239535e-08
rag_dspy:openai:k=5,factual_correctness_ratio,deepseek/deepseek-chat,openai/gpt-4o,49,0.9501437525992249,1.9852642370302054e-25
rag_dspy:openai:k=5,factual_correctness_ratio,deepseek/deepseek-chat,openai/gpt-4o-mini,49,0.7627598462365291,1.8944944751417058e-10
rag_dspy:openai:k=5,factual_correctness_ratio,openai/gpt-4o,openai/gpt-4o-mini,49,0.7317364329451592,2.3300196503194217e-09
rag_dspy:openai:k=5,grounding_ratio,anthropic/claude-sonnet-4-20250514,deepseek/deepseek-chat,49,0.7706071310118418,9.448782166575494e-11
rag_dspy:openai:k=5,grounding_ratio,anthropic/claude-sonnet-4-20250514,openai/gpt-4o,49,0.5342748094059458,7.684662708241257e-05
rag_dspy:openai:k=5,grounding_ratio,anthropic/claude-sonnet-4-20250514,openai/gpt-4o-mini,49,0.5221582546746109,0.00011901800818601228
rag_dspy:openai:k=5,grounding_ratio,deepseek/deepseek-chat,openai/gpt-4o,49,0.4778086807299047,0.0005166826008704843
rag_dspy:openai:k=5,grounding_ratio,deepseek/deepseek-chat,openai/gpt-4o-mini,49,0.5155629180415523,0.00014998393314835724
rag_dspy:openai:k=5,grounding_ratio,openai/gpt-4o,openai/gpt-4o-mini,49,0.5201156872638069,0.00012791959173909326
rag_dspy:openai:k=5,hallucination_rate,anthropic/claude-sonnet-4-20250514,deepseek/deepseek-chat,49,0.7706071310118418,9.448782166575494e-11
rag_dspy:openai:k=5,hallucination_rate,anthropic/claude-sonnet-4-20250514,openai/gpt-4o,49,0.5342748094059458,7.684662708241257e-05
rag_dspy:openai:k=5,hallucination_rate,anthropic/claude-sonnet-4-20250514,openai/gpt-4o-mini,49,0.5221582546746109,0.00011901800818601228
rag_dspy:openai:k=5,hallucination_rate,deepseek/deepseek-chat,openai/gpt-4o,49,0.4778086807299047,0.0005166826008704843
rag_dspy:openai:k=5,hallucination_rate,deepseek/deepseek-chat,openai/gpt-4o-mini,49,0.5155629180415523,0.00014998393314835724
rag_dspy:openai:k=5,hallucination_rate,openai/gpt-4o,openai/gpt-4o-mini,49,0.5201156872638069,0.00012791959173909326
rag_graph:anthropic:k=1:mn=10,factual_correctness_ratio,anthropic/claude-sonnet-4-20250514,deepseek/deepseek-chat,48,0.5756199962145435,1.8668240632215093e-05
rag_graph:anthropic:k=1:mn=10,factual_correctness_ratio,anthropic/claude-sonnet-4-20250514,openai/gpt-4o,48,0.7128090190699335,1.3185263028204271e-08
rag_graph:anthropic:k=1:mn=10,factual_correctness_ratio,anthropic/claude-sonnet-4-20250514,openai/gpt-4o-mini,48,0.4292744285763269,0.0023297321991140665
rag_graph:anthropic:k=1:mn=10,factual_correctness_ratio,deepseek/deepseek-chat,openai/gpt-4o,49,0.7667987445959599,1.3288021551752267e-10
rag_graph:anthropic:k=1:mn=10,factual_correctness_ratio,deepseek/deepseek-chat,openai/gpt-4o-mini,49,0.510287254561897,0.00017985110638551888
rag_graph:anthropic:k=1:mn=10,factual_correctness_ratio,openai/gpt-4o,openai/gpt-4o-mini,49,0.5242802332063946,0.00011037186523779793
rag_graph:anthropic:k=1:mn=10,grounding_ratio,anthropic/claude-sonnet-4-20250514,deepseek/deepseek-chat,48,0.8900637564301696,2.6401945384923824e-17
rag_graph:anthropic:k=1:mn=10,grounding_ratio,anthropic/claude-sonnet-4-20250514,openai/gpt-4o,48,0.8911004242562709,2.1478068911786897e-17
rag_graph:anthropic:k=1:mn=10,grounding_ratio,anthropic/claude-sonnet-4-20250514,openai/gpt-4o-mini,48,0.715141343702631,1.1243902352648284e-08
rag_graph:anthropic:k=1:mn=10,grounding_ratio,deepseek/deepseek-chat,openai/gpt-4o,49,0.7974968914428431,6.962418598075824e-12
rag_graph:anthropic:k=1:mn=10,grounding_ratio,deepseek/deepseek-chat,openai/gpt-4o-mini,49,0.714489894787258,8.141924718253823e-09
rag_graph:anthropic:k=1:mn=10,grounding_ratio,openai/gpt-4o,openai/gpt-4o-mini,49,0.8032890247113738,3.7711037146786084e-12
rag_graph:anthropic:k=1:mn=10,hallucination_rate,anthropic/claude-sonnet-4-20250514,deepseek/deepseek-chat,48,0.8902841509762869,2.52728097465958e-17
rag_graph:anthropic:k=1:mn=10,hallucination_rate,anthropic/claude-sonnet-4-20250514,openai/gpt-4o,48,0.8914568544757979,1.9997047181265906e-17
rag_graph:anthropic:k=1:mn=10,hallucination_rate,anthropic/claude-sonnet-4-20250514,openai/gpt-4o-mini,48,0.7158580955110965,1.0703425061668912e-08
rag_graph:anthropic:k=1:mn=10,hallucination_rate,deepseek/deepseek-chat,openai/gpt-4o,49,0.7974968914428431,6.962418598075824e-12
rag_graph:anthropic:k=1:mn=10,hallucination_rate,deepseek/deepseek-chat,openai/gpt-4o-mini,49,0.714489894787258,8.141924718253823e-09
rag_graph:anthropic:k=1:mn=10,hallucination_rate,openai/gpt-4o,openai/gpt-4o-mini,49,0.8032890247113738,3.7711037146786084e-12
rag_graph:anthropic:k=3:mn=10,factual_correctness_ratio,anthropic/claude-sonnet-4-20250514,deepseek/deepseek-chat,49,0.6261135640686951,1.4980385475830327e-06
rag_graph:anthropic:k=3:mn=10,factual_correctness_ratio,anthropic/claude-sonnet-4-20250514,openai/gpt-4o,49,0.660765113033081,2.3809279048487596e-07
rag_graph:anthropic:k=3:mn=10,factual_correctness_ratio,anthropic/claude-sonnet-4-20250514,openai/gpt-4o-mini,49,0.5453550242329762,5.0749017433582753e-05
rag_graph:anthropic:k=3:mn=10,factual_correctness_ratio,deepseek/deepseek-chat,openai/gpt-4o,49,0.7397477556002465,1.2607729916635124e-09
rag_graph:anthropic:k=3:mn=10,factual_correctness_ratio,deepseek/deepseek-chat,openai/gpt-4o-mini,49,0.4177924042413402,0.002817539914921616
rag_graph:anthropic:k=3:mn=10,factual_correctness_ratio,openai/gpt-4o,openai/gpt-4o-mini,49,0.4566202341099942,0.0009742340081449948
rag_graph:anthropic:k=3:mn=10,grounding_ratio,anthropic/claude-sonnet-4-20250514,deepseek/deepseek-chat,49,0.8000363291001416,5.334302664357147e-12
rag_graph:anthropic:k=3:mn=10,grounding_ratio,anthropic/claude-sonnet-4-20250514,openai/gpt-4o,49,0.8177687162719277,7.420929804761304e-13
rag_graph:anthropic:k=3:mn=10,grounding_ratio,anthropic/claude-sonnet-4-20250514,openai/gpt-4o-mini,49,0.6591447823305823,2.608511917232433e-07
rag_graph:anthropic:k=3:mn=10,grounding_ratio,deepseek/deepseek-chat,openai/gpt-4o,49,0.7734798016255904,7.274342092570442e-11
rag_graph:anthropic:k=3:mn=10,grounding_ratio,deepseek/deepseek-chat,openai/gpt-4o-mini,49,0.6743205106533271,1.0849950475448226e-07
rag_graph:anthropic:k=3:mn=10,grounding_ratio,openai/gpt-4o,openai/gpt-4o-mini,49,0.6997383160417445,2.2134108000510383e-08
rag_graph:anthropic:k=3:mn=10,hallucination_rate,anthropic/claude-sonnet-4-20250514,deepseek/deepseek-chat,49,0.8000363291001416,5.334302664357147e-12
rag_graph:anthropic:k=3:mn=10,hallucination_rate,anthropic/claude-sonnet-4-20250514,openai/gpt-4o,49,0.8177687162719277,7.420929804761304e-13
rag_graph:anthropic:k=3:mn=10,hallucination_rate,anthropic/claude-sonnet-4-20250514,openai/gpt-4o-mini,49,0.6591447823305823,2.608511917232433e-07
rag_graph:anthropic:k=3:mn=10,hallucination_rate,deepseek/deepseek-chat,openai/gpt-4o,49,0.7734798016255904,7.274342092570442e-11
rag_graph:anthropic:k=3:mn=10,hallucination_rate,deepseek/deepseek-chat,openai/gpt-4o-mini,49,0.6743205106533271,1.0849950475448226e-07
rag_graph:anthropic:k=3:mn=10,hallucination_rate,openai/gpt-4o,openai/gpt-4o-mini,49,0.6997383160417445,2.2134108000510383e-08
rag_graph:anthropic:k=5:mn=10,factual_correctness_ratio,anthropic/claude-sonnet-4-20250514,deepseek/deepseek-chat,49,0.6572812759988605,2.8953092123768896e-07
rag_graph:anthropic:k=5:mn=10,factual_correctness_ratio,anthropic/claude-sonnet-4-20250514,openai/gpt-4o,49,0.8478305730046874,1.5244854788015944e-14
rag_graph:anthropic:k=5:mn=10,factual_correctness_ratio,anthropic/claude-sonnet-4-20250514,openai/gpt-4o-mini,49,0.36182734173198317,0.010630700097187347
rag_graph:anthropic:k=5:mn=10,factual_correctness_ratio,deepseek/deepseek-chat,openai/gpt-4o,49,0.7339164498808264,1.9757045881329732e-09
rag_graph:anthropic:k=5:mn=10,factual_correctness_ratio,deepseek/deepseek-chat,openai/gpt-4o-mini,49,0.34335798959143865,0.01571816599262994
rag_graph:anthropic:k=5:mn=10,factual_correctness_ratio,openai/gpt-4o,openai/gpt-4o-mini,49,0.4765712327196533,0.0005367865296862254
rag_graph:anthropic:k=5:mn=10,grounding_ratio,anthropic/claude-sonnet-4-20250514,deepseek/deepseek-chat,49,0.811079506607466,1.5999601610023668e-12
rag_graph:anthropic:k=5:mn=10,grounding_ratio,anthropic/claude-sonnet-4-20250514,openai/gpt-4o,49,0.9565173571824858,8.557746142071612e-27
rag_graph:anthropic:k=5:mn=10,grounding_ratio,anthropic/claude-sonnet-4-20250514,openai/gpt-4o-mini,49,0.6208980425471994,1.9382932543741552e-06
rag_graph:anthropic:k=5:mn=10,grounding_ratio,deepseek/deepseek-chat,openai/gpt-4o,49,0.7805862294449853,3.746077904838279e-11
rag_graph:anthropic:k=5:mn=10,grounding_ratio,deepseek/deepseek-chat,openai/gpt-4o-mini,49,0.5710164388246203,1.831371478868781e-05
rag_graph:anthropic:k=5:mn=10,grounding_ratio,openai/gpt-4o,openai/gpt-4o-mini,49,0.6791227807771465,8.132293727451453e-08
rag_graph:anthropic:k=5:mn=10,hallucination_rate,anthropic/claude-sonnet-4-20250514,deepseek/deepseek-chat,49,0.811079506607466,1.5999601610023668e-12
rag_graph:anthropic:k=5:mn=10,hallucination_rate,anthropic/claude-sonnet-4-20250514,openai/gpt-4o,49,0.9565173571824858,8.557746142071612e-27
rag_graph:anthropic:k=5:mn=10,hallucination_rate,anthropic/claude-sonnet-4-20250514,openai/gpt-4o-mini,49,0.6193470188216663,2.0907639253677303e-06
rag_graph:anthropic:k=5:mn=10,hallucination_rate,deepseek/deepseek-chat,openai/gpt-4o,49,0.7805862294449853,3.746077904838279e-11
rag_graph:anthropic:k=5:mn=10,hallucination_rate,deepseek/deepseek-chat,openai/gpt-4o-mini,49,0.5696192016983125,1.940146949930537e-05
rag_graph:anthropic:k=5:mn=10,hallucination_rate,openai/gpt-4o,openai/gpt-4o-mini,49,0.6779076643887156,8.752169516670106e-08
rag_graph:openai:k=1:mn=10,factual_correctness_ratio,anthropic/claude-sonnet-4-20250514,deepseek/deepseek-chat,48,0.8377007034490888,1.140111246317726e-13
rag_graph:openai:k=1:mn=10,factual_correctness_ratio,anthropic/claude-sonnet-4-20250514,openai/gpt-4o,48,0.7092898790890951,1.6718115770632734e-08
rag_graph:openai:k=1:mn=10,factual_correctness_ratio,anthropic/claude-sonnet-4-20250514,openai/gpt-4o-mini,48,0.5238903712407625,0.0001326740997990467
rag_graph:openai:k=1:mn=10,factual_correctness_ratio,deepseek/deepseek-chat,openai/gpt-4o,49,0.6588141781567164,2.6573745424635786e-07
rag_graph:openai:k=1:mn=10,factual_correctness_ratio,deepseek/deepseek-chat,openai/gpt-4o-mini,49,0.6007940643607772,5.015869284491065e-06
rag_graph:openai:k=1:mn=10,factual_correctness_ratio,openai/gpt-4o,openai/gpt-4o-mini,49,0.550731253755479,4.12747653722349e-05
rag_graph:openai:k=1:mn=10,grounding_ratio,anthropic/claude-sonnet-4-20250514,deepseek/deepseek-chat,48,0.8951998472932517,9.299399029416716e-18
rag_graph:openai:k=1:mn=10,grounding_ratio,anthropic/claude-sonnet-4-20250514,openai/gpt-4o,48,0.8966489820109576,6.8602234538490994e-18
rag_graph:openai:k=1:mn=10,grounding_ratio,anthropic/claude-sonnet-4-20250514,openai/gpt-4o-mini,48,0.4680181766935996,0.0007952404741257519
rag_graph:openai:k=1:mn=10,grounding_ratio,deepseek/deepseek-chat,openai/gpt-4o,49,0.8354905895392196,8.251665795946297e-14
rag_graph:openai:k=1:mn=10,grounding_ratio,deepseek/deepseek-chat,openai/gpt-4o-mini,49,0.5354170917399792,7.367806169634226e-05
rag_graph:openai:k=1:mn=10,grounding_ratio,openai/gpt-4o,openai/gpt-4o-mini,49,0.4873054479014582,0.00038361573056458687
rag_graph:openai:k=1:mn=10,hallucination_rate,anthropic/claude-sonnet-4-20250514,deepseek/deepseek-chat,48,0.8951998472932517,9.299399029416716e-18
rag_graph:openai:k=1:mn=10,hallucination_rate,anthropic/claude-sonnet-4-20250514,openai/gpt-4o,48,0.8966489820109576,6.8602234538490994e-18
rag_graph:openai:k=1:mn=10,hallucination_rate,anthropic/claude-sonnet-4-20250514,openai/gpt-4o-mini,48,0.4680181766935996,0.0007952404741257519
rag_graph:openai:k=1:mn=10,hallucination_rate,deepseek/deepseek-chat,openai/gpt-4o,49,0.8354905895392196,8.251665795946297e-14
rag_graph:openai:k=1:mn=10,hallucination_rate,deepseek/deepseek-chat,openai/gpt-4o-mini,49,0.5354170917399792,7.367806169634226e-05
rag_graph:openai:k=1:mn=10,hallucination_rate,openai/gpt-4o,openai/gpt-4o-mini,49,0.4873054479014582,0.00038361573056458687
rag_graph:openai:k=3:mn=10,factual_correctness_ratio,anthropic/claude-sonnet-4-20250514,deepseek/deepseek-chat,48,0.7234990094423155,6.271148444147337e-09
rag_graph:openai:k=3:mn=10,factual_correctness_ratio,anthropic/claude-sonnet-4-20250514,openai/gpt-4o,48,0.7424847370201189,1.533842264015463e-09
rag_graph:openai:k=3:mn=10,factual_correctness_ratio,anthropic/claude-sonnet-4-20250514,openai/gpt-4o-mini,48,0.39054369558477303,0.006062820249536875
rag_graph:openai:k=3:mn=10,factual_correctness_ratio,deepseek/deepseek-chat,openai/gpt-4o,49,0.826702928580771,2.529327886009648e-13
rag_graph:openai:k=3:mn=10,factual_correctness_ratio,deepseek/deepseek-chat,openai/gpt-4o-mini,49,0.5423791462602008,5.6812869687738543e-05
rag_graph:openai:k=3:mn=10,factual_correctness_ratio,openai/gpt-4o,openai/gpt-4o-mini,49,0.6135379437789633,2.7663815555470605e-06
rag_graph:openai:k=3:mn=10,grounding_ratio,anthropic/claude-sonnet-4-20250514,deepseek/deepseek-chat,48,0.8746284065228899,4.563191082714002e-16
rag_graph:openai:k=3:mn=10,grounding_ratio,anthropic/claude-sonnet-4-20250514,openai/gpt-4o,48,0.8324340909552199,2.2379443376955835e-13
rag_graph:openai:k=3:mn=10,grounding_ratio,anthropic/claude-sonnet-4-20250514,openai/gpt-4o-mini,48,0.6503273620658787,5.646737056022524e-07
rag_graph:openai:k=3:mn=10,grounding_ratio,deepseek/deepseek-chat,openai/gpt-4o,49,0.8422768309446593,3.3185619280964867e-14
rag_graph:openai:k=3:mn=10,grounding_ratio,deepseek/deepseek-chat,openai/gpt-4o-mini,49,0.6116685338381032,3.023643640978184e-06
rag_graph:openai:k=3:mn=10,grounding_ratio,openai/gpt-4o,openai/gpt-4o-mini,49,0.6185652891629251,2.1717634160353356e-06
rag_graph:openai:k=3:mn=10,hallucination_rate,anthropic/claude-sonnet-4-20250514,deepseek/deepseek-chat,48,0.8746284065228899,4.563191082714002e-16
rag_graph:openai:k=3:mn=10,hallucination_rate,anthropic/claude-sonnet-4-20250514,openai/gpt-4o,48,0.8324340909552199,2.2379443376955835e-13
rag_graph:openai:k=3:mn=10,hallucination_rate,anthropic/claude-sonnet-4-20250514,openai/gpt-4o-mini,48,0.6503273620658787,5.646737056022524e-07
rag_graph:openai:k=3:mn=10,hallucination_rate,deepseek/deepseek-chat,openai/gpt-4o,49,0.8422768309446593,3.3185619280964867e-14
rag_graph:openai:k=3:mn=10,hallucination_rate,deepseek/deepseek-chat,openai/gpt-4o-mini,49,0.6116685338381032,3.023643640978184e-06
rag_graph:openai:k=3:mn=10,hallucination_rate,openai/gpt-4o,openai/gpt-4o-mini,49,0.6185652891629251,2.1717634160353356e-06
rag_graph:openai:k=5:mn=10,factual_correctness_ratio,anthropic/claude-sonnet-4-20250514,deepseek/deepseek-chat,48,0.6671376844290933,2.2426506651564335e-07
rag_graph:openai:k=5:mn=10,factual_correctness_ratio,anthropic/claude-sonnet-4-20250514,openai/gpt-4o,48,0.6724406258322357,1.6554495947636567e-07
rag_graph:openai:k=5:mn=10,factual_correctness_ratio,anthropic/claude-sonnet-4-20250514,openai/gpt-4o-mini,48,0.6347277119636866,1.2662013567018793e-06
rag_graph:openai:k=5:mn=10,factual_correctness_ratio,deepseek/deepseek-chat,openai/gpt-4o,49,0.7588574248696196,2.651360940142578e-10
rag_graph:openai:k=5:mn=10,factual_correctness_ratio,deepseek/deepseek-chat,openai/gpt-4o-mini,49,0.7836935816657997,2.7808973127429368e-11
rag_graph:openai:k=5:mn=10,factual_correctness_ratio,openai/gpt-4o,openai/gpt-4o-mini,49,0.6990055885425941,2.3225070093567965e-08
rag_graph:openai:k=5:mn=10,grounding_ratio,anthropic/claude-sonnet-4-20250514,deepseek/deepseek-chat,48,0.8400437820951705,8.380579792383954e-14
rag_graph:openai:k=5:mn=10,grounding_ratio,anthropic/claude-sonnet-4-20250514,openai/gpt-4o,48,0.8342095946869287,1.7875024935898712e-13
rag_graph:openai:k=5:mn=10,grounding_ratio,anthropic/claude-sonnet-4-20250514,openai/gpt-4o-mini,48,0.752272908695994,7.069079312010187e-10
rag_graph:openai:k=5:mn=10,grounding_ratio,deepseek/deepseek-chat,openai/gpt-4o,49,0.8669466121941966,8.108012873261902e-16
rag_graph:openai:k=5:mn=10,grounding_ratio,deepseek/deepseek-chat,openai/gpt-4o-mini,49,0.7607095814091738,2.262195098419688e-10
rag_graph:openai:k=5:mn=10,grounding_ratio,openai/gpt-4o,openai/gpt-4o-mini,49,0.7743734022105847,6.700767404426653e-11
rag_graph:openai:k=5:mn=10,hallucination_rate,anthropic/claude-sonnet-4-20250514,deepseek/deepseek-chat,48,0.8400437820951705,8.380579792383954e-14
rag_graph:openai:k=5:mn=10,hallucination_rate,anthropic/claude-sonnet-4-20250514,openai/gpt-4o,48,0.8342095946869287,1.7875024935898712e-13
rag_graph:openai:k=5:mn=10,hallucination_rate,anthropic/claude-sonnet-4-20250514,openai/gpt-4o-mini,48,0.752272908695994,7.069079312010187e-10
rag_graph:openai:k=5:mn=10,hallucination_rate,deepseek/deepseek-chat,openai/gpt-4o,49,0.8669466121941966,8.108012873261902e-16
rag_graph:openai:k=5:mn=10,hallucination_rate,deepseek/deepseek-chat,openai/gpt-4o-mini,49,0.7607095814091738,2.262195098419688e-10
rag_graph:openai:k=5:mn=10,hallucination_rate,openai/gpt-4o,openai/gpt-4o-mini,49,0.7743734022105847,6.700767404426653e-11
zeroshot:anthropic,factual_correctness_ratio,anthropic/claude-sonnet-4-20250514,deepseek/deepseek-chat,49,0.40798615145000294,0.0036147166937332232
zeroshot:anthropic,factual_correctness_ratio,anthropic/claude-sonnet-4-20250514,openai/gpt-4o,49,0.45928567800318365,0.0009015253895632613
zeroshot:anthropic,factual_correctness_ratio,anthropic/claude-sonnet-4-20250514,openai/gpt-4o-mini,49,0.4788468374093865,0.0005003428394126809
zeroshot:anthropic,factual_correctness_ratio,deepseek/deepseek-chat,openai/gpt-4o,49,0.7941277808991279,9.856923361337976e-12
zeroshot:anthropic,factual_correctness_ratio,deepseek/deepseek-chat,openai/gpt-4o-mini,49,0.6358562901760232,9.139319781602729e-07
zeroshot:anthropic,factual_correctness_ratio,openai/gpt-4o,openai/gpt-4o-mini,49,0.6213027717694747,1.9002423047102068e-06
zeroshot:deepseek,factual_correctness_ratio,deepseek/deepseek-chat,openai/gpt-4o,5,0.8947368421052632,0.040343130060753
zeroshot:deepseek,factual_correctness_ratio,deepseek/deepseek-chat,openai/gpt-4o-mini,5,0.6882472016116853,0.1988921881373051
zeroshot:deepseek,factual_correctness_ratio,openai/gpt-4o,openai/gpt-4o-mini,5,0.9176629354822471,0.02800845601014614
zeroshot:openai,factual_correctness_ratio,anthropic/claude-sonnet-4-20250514,deepseek/deepseek-chat,49,0.6891289191445396,4.382012497491486e-08
zeroshot:openai,factual_correctness_ratio,anthropic/claude-sonnet-4-20250514,openai/gpt-4o,49,0.5799475075554457,1.2585545191558623e-05
zeroshot:openai,factual_correctness_ratio,anthropic/claude-sonnet-4-20250514,openai/gpt-4o-mini,49,0.749245821387788,5.91023137511906e-10
zeroshot:openai,factual_correctness_ratio,deepseek/deepseek-chat,openai/gpt-4o,49,0.7217891933394087,4.8492714637995446e-09
zeroshot:openai,factual_correctness_ratio,deepseek/deepseek-chat,openai/gpt-4o-mini,49,0.6726212191942256,1.2000084194693998e-07
zeroshot:openai,factual_correctness_ratio,openai/gpt-4o,openai/gpt-4o-mini,49,0.7297934877416429,2.6954257083258834e-09
